<?xml version="1.0" encoding="UTF-8"?>
<beans xmlns="http://www.springframework.org/schema/beans"
	xmlns:xsi="http://www.w3.org/2001/XMLSchema-instance"
	xsi:schemaLocation="http://www.springframework.org/schema/beans https://www.springframework.org/schema/beans/spring-beans.xsd">
	
	<!-- Root Context: defines shared resources visible to all other web components -->
	
		<!-- db.properties -->
	<bean class="org.springframework.beans.factory.config.PropertyPlaceholderConfigurer">
	<!-- PropertyPlaceholderConfigurer : value안의 값들을 이페이지에서 사용할 수 있도록 가져와줌 -->
		<property name="locations">
			<list>
				<value>classpath:mybatis/db.properties</value><!-- src.main.resources 찾아줌 -->
			</list>
		
		</property>
	</bean>
	
	<!-- dataSource -->
	<bean id="dataSource" class="org.apache.commons.dbcp.BasicDataSource">
		<property name="driverClassName" value="${driver}"/>
		<property name="url" value="${url}"/>
		<property name="username" value="${username}"/>
		<property name="password" value="${password}"/>
	</bean>
	
	<!-- mybatis -->
	<bean id="sqlSession" class="org.mybatis.spring.SqlSessionFactoryBean">
		<property name="dataSource" ref="dataSource"></property><!-- setDataSource()가 있을것이다. setter주입 -->
		<property name="configLocation" value="WEB-INF/spring/sqls/config.xml"></property>
	</bean>
	
	<bean id="sqlSessionTemplate" class="org.mybatis.spring.SqlSessionTemplate">
		<constructor-arg ref="sqlSession"/>
	</bean>
	
	
		
</beans>
