<?xml version="1.0" encoding="UTF-8"?>
<!DOCTYPE mapper PUBLIC "-//mybatis.org//DTD Mapper 3.0//EN" "http://mybatis.org/dtd/mybatis-3-mapper.dtd" >
<mapper namespace="myboard">
	
	<resultMap type="empDto" id="EmpMap">
		<result property="empno" column="EMPNO"/>
		<result property="ename" column="ENAME"/>
		<result property="job" column="JOB"/>
		<result property="mgr" column="MGR"/>
		<result property="hiredate" column="HIREDATE"/>
		<result property="sal" column="SAL"/>
		<result property="comm" column="COMM"/>
		<result property="deptno" column="DEPTNO"/>
	</resultMap>

	<select id="selectList" resultMap="EmpMap">
		SELECT * FROM EMP
		ORDER BY EMPNO DESC
	</select>


</mapper>
